ticker,sector,why_included,valuation,bear_case,ranking,regime,risk_index,volatility_index,sentiment_index,sigma,weight_raw,weight_after_constraints,weight_after_vol_target,position_size,dropped_by_floor,bound_constraint
MSFT,Information Technology,FY2024 revenue +16%; operating margin 44.6%; ROE 37%; D/E 0.33; FCF $74.1B. Azure/software switching costs support moat.,"Forward P/E 32x; PEG 2.2: premium/overvalued versus growth, partly justified by quality.",AI-capex depreciation can outrun monetization; Azure deceleration or antitrust action could compress the multiple.,1,0,26,88,81,0.44294846548282796,0.05943726948042914,0.06205392982172421,0.06205392982172421,0.06205392982172421,False,
GOOGL,Communication Services,FY2024 revenue +14%; operating margin 32.1%; ROE 32%; D/E 0.11; FCF $72.8B. Search scale/data moat and Cloud profitability.,Forward P/E 19x; PEG 1.2: undervalued relative to megacap growth and margins.,AI answers can erode search clicks; DOJ remedies could impair distribution economics; capex can pressure FCF.,2,1,18,96,79,0.3787733910063075,0.06603226503571007,0.06893926279444325,0.06893926279444325,0.06893926279444325,False,
META,Communication Services,FY2024 revenue +22%; operating margin 42%; ROE 39%; D/E 0.27; FCF $54.1B. Network effects and ad targeting drive pricing.,Forward P/E 24x; PEG 1.2: fairly valued to modestly undervalued versus growth.,Reality Labs losses and AI capex may expand; ad regulation or engagement weakness would hit margins.,3,1,30,107,84,0.4635208120456053,0.05111934990230721,0.05336982299320511,0.05336982299320511,0.05336982299320511,False,
V,Financials,FY2024 net revenue +10%; operating margin about 66%; ROE about 51%; D/E 0.54; FCF $19.8B. Global acceptance network is a durable moat.,Forward P/E 28x; PEG 1.8: fairly valued at a quality premium.,US interchange litigation/regulation could cut take rates; weaker cross-border travel would slow high-margin volume.,4,1,30,72,75,0.20093677003689972,0.11137085665510124,0.11627383598663692,0.11627383598663692,0.11627383598663692,False,
BRK.B,Financials,2024 operating earnings +27%; insurance underwriting profit $9.0B; D/E 0.21; operating cash flow $46.0B; $334B cash/T-bills. Scale and float are moats.,"Price/book 1.6x and about 23x operating earnings: fairly valued, above its long-run book premium.","Catastrophe losses, succession uncertainty and cash drag could reduce returns; Apple concentration remains material.",5,1,13,67,64,0.15677492538803908,0.13434621509112346,0.12000096402481093,0.12000096402481093,0.12000096402481093,False,position_cap
JPM,Financials,2024 revenue +15%; ROTCE 21%; CET1 15.7%; D/E 1.16 (bank structure); FCF not meaningful—$58.5B net income used. Deposit scale is moat.,Forward P/E 14x; price/tangible book about 2.4x: fairly valued to modestly rich for a bank.,"Credit normalization, lower net-interest income or capital-rule tightening can reduce returns and buybacks.",6,1,55,75,73,0.19968176514049257,0.09888602230524808,0.10323937055183534,0.10323937055183534,0.10323937055183534,False,
COST,Consumer Staples,FY2024 sales +5%; operating margin 3.7%; ROE 31%; D/E 0.31; FCF $6.6B. Membership renewal about 93% in US/Canada supports moat.,Forward P/E 51x; PEG about 4.2: materially overvalued despite durability.,Any renewal or traffic slowdown could trigger severe multiple compression; wage and merchandise costs pressure thin margins.,7,1,20,71,77,0.19684617779613597,0.09362311893745874,0.09774477365836855,0.09774477365836855,0.09774477365836855,False,
LLY,Health Care,2024 revenue +32%; operating margin about 33%; ROE about 82%; D/E 2.15; FCF about $4.5B. Incretin IP and manufacturing scale support moat.,Forward P/E 34x; PEG about 1.5: premium but roughly fair versus exceptional growth.,"Obesity-drug supply/competition, adverse safety data or reimbursement limits could sharply reset growth expectations.",8,1,74,124,86,0.3602609085597118,0.047501603266270315,0.04959280904509075,0.04959280904509075,0.04959280904509075,False,
AVGO,Information Technology,FY2024 revenue +44% including VMware; adjusted EBITDA margin 61%; D/E 1.66; FCF $19.4B. Custom silicon and switching franchises have high barriers.,"Forward P/E 32x; PEG about 1.4: fairly valued to rich, dependent on AI growth.",AI customer concentration and VMware integration/debt can amplify downside; networking demand may normalize.,9,1,68,146,88,0.48706862634776965,0.032431956259955035,0.03385973742281587,0.03385973742281587,0.03385973742281587,False,
WMT,Consumer Staples,FY2025 revenue +5%; operating income +9%; ROE 24%; D/E 0.73; FCF $12.7B. Grocery scale and logistics support share gains.,Forward P/E 35x; PEG about 2.8: overvalued versus history and growth.,"A valuation reset, tariff exposure or food disinflation could outweigh e-commerce and advertising gains.",10,1,37,58,76,0.35373399254211924,0.04093529693259777,0.04273742830537113,0.04273742830537113,0.04273742830537113,False,
XOM,Energy,2024 production +16%; upstream unit earnings resilient; ROCE 12.7%; D/E 0.16; FCF $34.4B. Low-cost Guyana/Permian assets underpin moat.,Forward P/E 13x; EV/EBITDA about 6.5x: fairly valued near integrated-oil history.,"Oil below roughly $65/bbl, refining weakness or Guyana fiscal intervention would reduce FCF and buybacks.",11,0,18,89,48,0.2696422726404165,0.048819584279269974,0.05096881272093215,0.05096881272093215,0.05096881272093215,False,
AMGN,Health Care,2024 revenue +19% including Horizon; adjusted operating margin about 48%; ROE distorted by leverage; D/E 8.9; FCF $10.4B. Biologics know-how and pipeline diversify cash flows.,"Forward P/E 15x; PEG about 1.5: fairly valued, discount reflects leverage/patent risk.",Horizon integration and debt constrain flexibility; biosimilars and obesity-pipeline trial failures could pressure earnings.,12,1,88,70,66,0.28615954378987773,0.04140152424089625,0.043224180757545125,0.043224180757545125,0.043224180757545125,False,
ETN,Industrials,2024 organic sales +8%; segment margin 23.9%; ROE 21%; D/E 0.54; FCF $3.5B. Electrical installed base benefits from grid/data-center demand.,Forward P/E 29x; PEG about 2.1: moderately overvalued versus industrial peers.,"Data-center capex slowdown, project delays or input inflation could expose the elevated multiple.",13,0,30,97,78,0.4779657984102026,0.022033080522845565,0.023003062631792782,0.023003062631792782,0.023003062631792782,False,
NEE,Utilities,2024 adjusted EPS +10%; regulated ROE about 11%; D/E 1.56; operating cash flow $13.3B less $19.3B capex (negative FCF). Scale in renewables is moat.,Forward P/E 19x; PEG about 2.2: fair versus utility growth but above sector median.,"Higher-for-longer rates, refinancing needs, regulatory rulings and project cancellations threaten the capital-intensive model.",14,0,68,80,67,0.17081618334505333,0.053944985642736185,0.05631985423574175,0.05631985423574175,0.05631985423574175,False,
PHM,Consumer Discretionary,2024 revenue +10%; gross margin 29.2%; ROE 27%; D/E 0.17; FCF about $1.9B. Land discipline and scale support returns.,Forward P/E 9x; PEG about 0.9: undervalued if housing demand holds.,"Mortgage-rate increases, buyer incentives or land impairments can compress orders and margins quickly.",15,0,18,111,44,0.35285470421235554,0.022383984394608664,0.02336941466012289,0.02336941466012289,0.02336941466012289,False,
CB,Financials,2024 net premiums +10%; P&C combined ratio 86.6%; ROE 15.2%; D/E 0.20; operating cash flow $16.1B. Underwriting scale and pricing discipline support moat.,Forward P/E 13x; price/book 1.9x: fairly valued for superior underwriting.,"Large catastrophe losses, reserve charges or faster commercial pricing deterioration could reduce book value.",16,0,15,63,65,0.2253491895089453,0.029207612601376064,0.03049344558505805,0.03049344558505805,0.03049344558505805,False,
CSX,Industrials,2024 revenue roughly flat; operating margin 37.8%; ROE 28%; D/E 1.48; FCF $3.3B. Irreplaceable rail network provides cost moat.,Forward P/E 19x; PEG about 2.0: fairly valued but not cheap given muted volumes.,"Industrial recession, labor inflation or service disruptions can reduce operating leverage; regulation may raise costs.",17,0,66,64,46,0.2215838314494972,0.023763148363869627,0.024809294804505198,0.024809294804505198,0.024809294804505198,False,
NEM,Materials,2024 gold production 6.8Moz; adjusted EBITDA $7.1B; D/E 0.32; FCF $2.9B. Tier-one reserve portfolio offers gold diversification.,"Forward P/E 14x; EV/EBITDA about 7x: fairly valued, sensitive to gold assumptions.","Gold-price reversal, cost inflation, reserve revisions or execution problems at acquired mines could erase leverage benefits.",18,1,28,118,71,0.5191580621987314,0.007606829950018375,,,0.0,True,
EXR,Real Estate,2024 same-store occupancy about 94%; core FFO/share resilient; D/E 1.13; REIT current ratio not meaningful; FCF replaced by core FFO. Scale supports pricing/data moat.,Forward P/FFO about 18x: fairly valued near premium storage peers.,"New supply, lower housing mobility and refinancing at higher rates can slow same-store revenue and pressure NAV.",19,0,72,76,59,0.20719070044883994,0.012706963802821016,,,0.0,True,
FSLR,Information Technology,2024 revenue +27%; gross margin 40%; D/E 0.07; net cash; FCF about $1.2B. US thin-film technology and contracted backlog support moat.,Forward P/E 17x; PEG about 0.7: undervalued if bookings and tax credits persist.,"US policy/tax-credit reversal, project delays, cancellations or cheap imported panels could reduce backlog value.",20,0,24,152,52,0.5376649021180147,0.0024483323353573327,,,0.0,True,
